,Company,Product,Size,Currency,Prices
0,Goody ,Whole Kernel Golden Corn,340G,SAR,3.25
1,Goody ,Original Mayonnaise,332 Ml,SAR,7.75
2,Goody ,Ranch Dressing,237 Ml,SAR,7.95
3,Halwani Brothers ,AlNakhla Finest Halawa Plain,250G,SAR,9.4
4,7 UP ,Can,150 Ml,SAR,1.5
5,Goody ,Tenderina Sandwich Tuna,80G,SAR,3.5
6,Afia ,Sunflower Oil,1.8L,SAR,19.9
7,Afia ,Pure Corn Oil,750 Ml,SAR,10.95
8,7 UP ,Bottle,1L,SAR,5.0
9,Al Alali ,100% Natural Tomato Paste,8 x 130G,SAR,9.75
10,Afia ,Corn Oil,200Ml,SAR,18.5
11,Galaxy ,Jewels Chocolate,200G,SAR,22.95
12,Afia ,Extra Virgin Olive Oil,250 Ml,SAR,13.5
13,Al Arabi ,Pure Vegetable Frying Oil,1.8L,SAR,15.25
14,Godiva ,Milk Chocolate Hazelnut Oyster,30G,SAR,3.95
15,Goody ,Albacore white meat Tuna in Sunflower Oil,185G,SAR,7.25
16,Goody ,Chunky Peanut Butter,340G,SAR,11.25
17,Goody ,Light Meat Tuna in Sunflower Oil,185G,SAR,7.5
18,Goody ,Lite Mayonnaise,332 Ml,SAR,7.75
19,Goody ,Creamy Peanut Butter,340G,SAR,10.95
20,Kellogg's ,Corn Flakes,500G,SAR,15.95
21,Goody ,Natural White Vinegar,473 Ml,SAR,2.95
22,Kellogg's ,The Original Corn Flakes,250G,SAR,9.7
23,Kellogg's ,Special K Original Wheat Cereal,375G,SAR,22.55
24,Kikkoman ,Soy Sauce,150 Ml,SAR,10.45
25,Kinder ,Chocolate,50G,SAR,2.55
26,Kettle ,Cooked Potato Chips With French Cheese,170G,SAR,7.1
27,Kettle ,Cooked Potato Chips With flaming chilli,170G,SAR,7.1
28,Kettle ,Cooked Potato Chips With Arabic Spice,170G,SAR,7.1
29,Kettle ,Cooked Potato Chips With Sea Salt,170G,SAR,7.1
30,Kettle ,Cooked Potato Chips With Honey & Bbq,170G,SAR,7.1
31,Lays ,Max Mexican Chili Flavor Potato chips,50G,SAR,2.0
32,Lays ,Tomato Ketchup Potato chips,21G,SAR,1.05
33,Lays ,Salt & Vinegar Potato chips,21G,SAR,1.05
34,Lays ,French Cheese Potato chips,21G,SAR,1.05
35,Lays ,Max Creamy Chedder Flavor Potato chips,50G,SAR,2.0
36,Lays ,Salt Potato chips,54G,SAR,2.0
37,Lindt ,Excellence Dark Chocolate 70% Cocoa,100G,SAR,15.7
38,Lindt ,Excellence Dark Chocolate 85% Cocoa,100G,SAR,15.95
39,Lindt ,Excellence Dark Chocolate With Orange Intense,100G,SAR,15.7
40,Libby's ,Tomato Ketchup Squeezy Bottle,350G,SAR,8.5
41,Lindt ,Excellence Dark Chocolate Mild 70% Cocoa,100G,SAR,15.95
42,Lindt ,Excellence Dark Chocolate With Mint Intense,100G,SAR,15.95
43,Lindt ,Excellence Dark Chocolate With Cherry Intense,100G,SAR,15.7
44,Lindt ,Excellence Chocolate With Black Currant,100G,SAR,15.7
45,Klast ,Spearmint Sugar Free Gum,12 pieces,SAR,3.4
46,Kinder ,Joy Surprise For Girls,20G,SAR,3.75
47,Kinder ,Joy With Surprise For Girls,20G,SAR,3.75
48,KitKat ,Chunky Mini Milk Chocolate Bar Snack Bag,16 Minis,SAR,17.05
49,Kuwait Bakeries ,All Purpose Flour,1Kg,SAR,3.95
50,Langnese ,Bee Honey,500G,SAR,38.85
51,Kohinoor ,Indian Basmati Rice,5Kg,SAR,68.5
52,Lays ,Classic Potato Chips Regular,6.5Z,SAR,16.95
53,Heinz ,Beanz Original Baked Beans In a Deliciously Tomato Sauce,200G,SAR,3.95
54,Lays ,Chili Potato chips,21G,SAR,1.05
55,Holsten ,Classic Malt Beverage Can,330 Ml,SAR,4.5
56,Heinz ,Tomato Ketchup,910G,SAR,10.0
57,Hershey's ,Chocolate Syrup,680G,SAR,10.95
58,Nescafe ,Arabiana Mix Arabic Coffee,3G,SAR,1.75
59,Nestlé ,Coffee-Mate Original Coffee Creamer,170G,SAR,8.95
60,Nescafe ,Red Mug Instant Coffee,50G,SAR,11.5
61,Nescafe ,Classic Instant Coffee,200G,SAR,16.75
62,Nescafe ,3 In 1 Classic Instant Coffee,20G,SAR,1.6
63,Lindt ,Lindor Hazelnut Milk Chocolate,100G,SAR,12.5
64,Nestlé ,Country Corn Flakes Breakfast Cereal,375G,SAR,12.25
65,Lindt ,Excellence Milk Chocolate Extra Creamy,100G,SAR,15.7
66,Nestlé ,Fitness Original Breakfast Cereal,40G,SAR,3.15
67,Loacker ,Quadratini Chocolate Wafers,125G,SAR,10.95
68,Lindt ,Lindor Milk Chocolate Sticks,38G,SAR,4.45
69,Loacker ,Gran Pasticceria Coconut,100G,SAR,9.5
70,Lipton ,Yallow Label Black Tea,100 Teabags x 2G,SAR,9.95
71,Lindt ,Swiss Classic Dark Chocolate,100G,SAR,13.85
72,Lindt ,Les Grandes Milk Chocolate With Hazelnut,150G,SAR,20.25
73,Nestlé ,Fitness Honey & Almond Breakfast Cereal,355G,SAR,21.95
74,Loacker ,Gardena Fingers Chocolate Wafer,38G,SAR,3.95
75,Loacker ,Gardena Fingers Chocolate Wafer With Coconut,38G,SAR,3.95
76,Loacker ,Gran Pasticceria Creme Noisette,100G,SAR,9.5
77,M&M ,Chocolate,180G,SAR,8.75
78,Loacker ,Gran Pasticceria Dark Hazelnut,100G,SAR,9.5
79,Maggi ,Excellence Mushroom Soup,51G,SAR,4.5
80,Mars ,Chocolate Bar,51G,SAR,2.95
81,M&M ,Peanut Chocolate,100G,SAR,11.25
82,Maggi ,Chicken Stocks Cubes,20G,SAR,0.8
83,Maltesers ,Milk Chocolate,37G,SAR,3.15
84,Mirinda ,Citrus,1L,SAR,5.0
85,Mazola ,Corn Oil,1.8L,SAR,19.7
86,Mirinda ,Orange,330 Ml,SAR,2.5
87,Minis ,Mixed Chocolates,500G,SAR,32.95
88,Mazola ,Sunflower Oil,2x1.8L,SAR,18.95
89,Mountain Dew ,Bottle,330 Ml,SAR,2.5
90,Mcvitie's ,Digestive Biscuits Covered with Milk Chocolate,300G,SAR,11.95
91,Moussy ,Classic Malt Beverage Can,330 Ml,SAR,4.95
92,Nadec ,Long Life Full Fat Milk,12 x 1L,SAR,34.5
93,Nadec ,Organic Extra Virgin First Extraction Olive Oil,250 Ml,SAR,12.6
94,Nadec ,Long life Low Fat Milk,12 × 1L,SAR,34.5
95,Punjabi Al Muhaidib ,Brown Basmati Rice,2Kg,SAR,23.95
96,Perrier ,Water,330 Ml,SAR,5.25
97,Rainbow ,Original Evaporated Quality Milk,170G,SAR,2.5
98,Premium Harvest ,Dehydrated Baby Pineapple,200G,SAR,23.9
99,Premium Harvest ,Dehydrated Mango,200G,SAR,23.9
100,Rauch ,Apple Nectar Juice,250 Ml,SAR,5.0
101,Rio Mare ,Light Meat Tuna In Olive Oil,80G,SAR,6.85
102,Rahma ,Extra Virgin Olive Oil,250 Ml Free + 750 Ml,SAR,19.95
103,Nova ,Drinking Water Glass Bottle,0.55 Ml,SAR,1.0
104,Nutella ,Hazelnut Spread With Cocoa,200G,SAR,12.25
105,Noor ,Sunflower Oil,1.8L + 750 ml,SAR,17.5
106,Orient Gardens ,Pomegranate Molasses,250G,SAR,9.0
107,Pepsi ,Bottle,150 Ml,SAR,1.5
108,Pepsi ,Diet Bottle,250 Ml,SAR,2.5
109,Nestlé ,Nesquik Chocolate Breakfast Cereal,375G,SAR,18.95
110,Nestlé ,Nesquik Chocolate Powder Pouch,14.3G,SAR,1.6
111,Nestlé ,Lion Chocolate Bar,42G,SAR,2.05
112,Nestlé ,Nido Fortified Full Cream Milk Powder,400G,SAR,24.95
113,Nestlé ,Pure Life Water,330 Ml,SAR,0.5
114,Nestlé ,Sweetened Condensed Milk,90G,SAR,3.7
115,Yamama ,Grenadine Molasses,300 Ml,SAR,12.95
116,Rio Mare ,Salatuna Mexico Recipe,160G,SAR,13.95
117,Rio Mare ,Salatuna Beans,160G,SAR,26.95
118,Rio Mare ,Salatuna Couscous And Tuna,160G,SAR,28.3
119,Rio Mare ,Salatuna Maize Recipe,160G,SAR,13.95
120,Ruffles ,Potato Chips Regular,6.5Z,SAR,14.95
121,Snickers ,Chocolate,50G,SAR,2.95
122,Saudia ,Long Life Full Fat Milk,200 Ml,SAR,1.6
123,Saudia ,Long Life Low Fat Milk,1L,SAR,4.5
124,Snickers ,Crisper Fun Size,40G,SAR,2.95
125,Sriracha ,Hot Chili Sauce,266 Ml,SAR,12.85
126,Twinings ,English Breakfast Tea Bags,25 x 1.5G,SAR,17.25
127,Tabasco ,Tabasco Pepper Sauce,150 Ml,SAR,14.5
128,Tasali ,Tasali Ketchup Potato Chips,180G,SAR,5.25
129,Ulker ,Tea Biscuits,12 x 165G,SAR,17.95
130,Twix ,Twin Bar,50G,SAR,2.95
131,Twix ,Bites Pouch,170G,SAR,11.5
132,Rainbow ,Evaporated Quality Milk With Cardamom,170G,SAR,2.65
133,Coca Cola ,Plastic Bottle,400 Ml,SAR,2.5
134,Rainbow ,Evaporated Quality Low Fat Milk,170G,SAR,2.65
135,Evian ,Natural Mineral Water,24 x 500 Ml,SAR,100.95
136,Al Safi ,Long Life Low Fat Milk,1L,SAR,4.1
137,Volvic ,Water,500 Ml,SAR,6.5
138,Sipa ,Couscous,500G,SAR,10.45
139,Barbican ,Malt Beverage Raspberry Flavor,330 Ml,SAR,5.0
140,Barbican ,Malt Beverage Apple Flavor,330 Ml,SAR,5.0
141,Best ,Salted Peanuts,4 x 330 Ml,SAR,0.6
142,Evian ,Natural Mineral Water,330 Ml,SAR,5.5
143,Indomie ,Chicken Flavour Instant Noodles,70G,SAR,1.3
144,Indomie ,Vegetable Flavour Instant Noodles,75G,SAR,1.3
145,Lipton ,Lemon Ice Tea,320 Ml,SAR,3.0
146,Caesar ,Apple Jucie,250 Ml,SAR,3.0
147,Heinz ,Tomato Paste,135G,SAR,1.6
148,KDD ,Natural Tomato Paste,8 x 135G,SAR,7.95
149,Al Rabie ,Orange Drink,250 Ml,SAR,1.95
150,Caesar ,Orange & Carrot Jucie,250 Ml,SAR,3.0
151,Hershey's ,Cookies 'N' Cream,40G,SAR,3.1
152,KitKat ,Milk Chocolate Bar 4 Finger,41.5G,SAR,2.1
153,Nova ,Chewing Gum Spearmint Sugar Free,2.5G,SAR,0.55
154,Lipton ,Peach Ice Tea,320 Ml,SAR,3.0
155,Ulker ,Halley Chocolate Coated Sandwich With Marshmallow,26G,SAR,1.05
156,Ferrero Rocher ,Raffaello,10G,SAR,3.5
157,Toblerone ,Swiss Milk Chocolate With Honey And Almond Noucat,35G,SAR,3.95
158,Ulker ,Cocosandwich Biscuit,22.5G,SAR,0.8
159,Green's ,The Original Carmelle,49G,SAR,1.9
160,Florida's Natural ,Orange Juice with pulp,300Ml,SAR,3.15
161,Al Rabie ,Orange Juice,200 Ml,SAR,1.6
162,Vimto ,Vimto Fruit Flavoured Drink,250 Ml,SAR,1.6
163,Al Rabie ,Fruit Cocktail Nectar,200 Ml,SAR,1.5
164,Al Rabie ,Apple Juice,200 Ml,SAR,1.6
165,Al Rabie ,Mango Nectar,200 Ml,SAR,1.6
166,KDD ,Guava Nectar,180 Ml,SAR,2.1
167,Al Rabie ,I'm Zein Chocolate Flavored Milk,200 Ml,SAR,1.25
168,Bugles ,Crispy Corn Snacks Smokin' BBQ,15 x 18G,SAR,12.95
169,Bugles ,Crispy Corn Snacks Ketchup,15 x 18G,SAR,12.95
170,Saudia ,Long Life Skimmed Milk,200 Ml,SAR,1.6
171,Galaxy ,Chocolate Crispy,36G,SAR,3.1
172,Moussy ,Malt Beverage Apple Flavor,330 Ml,SAR,5.0
173,Vimto ,Fruit Flavored Sparkling Drink,250 Ml,SAR,1.75
174,Bahlsen ,Pick Up With Chocolate,28G,SAR,2.25
175,Barbican ,Malt Beverage Peach Flavor,330 Ml,SAR,5.0
176,Caesar ,Pineapple Juice,250 Ml,SAR,3.0
177,Canada Dry ,Club Soda,12 Z,SAR,10.0
178,Nadec ,Long life Skimmed Milk,12 x 1L,SAR,34.5
179,Nada ,Long Life Full Fat Milk,12 x 1L,SAR,34.95
180,Nada ,Long Life Low Fat Milk,12 x 1L,SAR,34.95
181,Atlas ,Atlas Chickpeas,580G,SAR,5.0
182,Rauch ,White Grape Juice,900 Ml,SAR,22.45
183,Puck ,Plain Cream Replaced Milk Fat With Vegetable Oil,170G,SAR,3.25
184,Saudia ,Tomato Paste,135G,SAR,1.6
185,Rauch ,Red Grape Juice,900Ml,SAR,22.45
186,Fanta ,Strawberry Soda,250 Ml,SAR,2.5
187,Mirinda ,Strawberry Can,355 Ml,SAR,2.5
188,Mirinda ,Green Apple Can,355 Ml,SAR,2.5
189,KDD ,Pineapple Juice,1L,SAR,7.95
190,Foster Clark's ,Vanilla Essence,28 Ml,SAR,2.9
191,Shani ,Can,355 Ml,SAR,2.5
192,Foster Clark's ,Raspberry Jelly Dessert,85G,SAR,2.1
193,Foster Clark's ,Muhallabiah,85G,SAR,2.55
194,Foster Clark's ,Banana & Strawberry Jelly Dessert,85G,SAR,2.1
195,Foster Clark's ,Lime Jelly Dessert,85G,SAR,2.1
196,Foster Clark's ,Creme Caramel,71G,SAR,2.55
197,Suntop ,Orange Drink,125 Ml,SAR,1.0
198,Riyadh Food ,Vanilla Powder,20G,SAR,1.35
199,Pringles ,Salt & Vineger,165G,SAR,10.95
200,Galaxy ,Flutes Chocolate Wafer 2 Fingers,22.5G,SAR,1.05
201,Ferrero Rocher ,Rocher Chocolate The Golden Experience,37.5G,SAR,5.25
202,Halls ,Cherry Flavor,25.2G,SAR,1.05
203,Red Bull ,Energy Drink,250 Ml,SAR,9.95
204,Nada ,Tomato Paste,8 x 135G,SAR,6.5
205,Bugles ,Crispy Corn Snacks Nacho cheese,15 x 18G,SAR,12.95
206,Cadbury ,Dairy Milk Flowrap,90G,SAR,6.95
207,Loacker ,Cremkakao Wafer,45G,SAR,3.15
208,Cadbury ,Fruit and Nut,100G,SAR,6.5
209,Nada ,Junior Strawberry Long Life Milk,18 x 125 Ml,SAR,10.95
210,Nada ,Junior Full cream Long Life Milk,18 x 125 Ml,SAR,10.95
211,Barbican ,Malt Beverage Strawberry Flavor,330 Ml,SAR,5.0
212,Freshly ,Whole Kernel Corn,4 x 340G,SAR,11.5
213,Quavers ,Potato Snack Cheese Flavor Light,20G,SAR,1.05
214,Aloha ,Light Meat Tuna In Vegetable Oil,185G,SAR,5.95
215,Mentos ,Pure Fresh Wintergreen Sugar Free Chewing Gum,56G,SAR,11.45
216,Nature Valley ,Crunchy Oats & Roasted Almonds Bars,42G,SAR,2.5
217,Lipton ,Red Fruits Ice Tea,320 Ml,SAR,3.0
218,Luna ,Full Cream Evaporated Milk,170G,SAR,2.2
219,Americana ,Butter Cookies,44G,SAR,1.3
220,7 days ,Swiss Roll Vanilla,12 x 20G,SAR,6.5
221,Holsten ,Malt Beverage Cranberry Flavor,330 Ml,SAR,5.75
222,Mentos ,Pure Fresh Freshmint Sugar Free Chewing Gum,56G,SAR,10.45
223,Barbican ,Malt Beverage Pomegranate Flavor,330 Ml,SAR,5.0
224,Capri-Sun ,Strawberry Drink,10 × 200 Ml,SAR,12.15
225,KDD ,Cherry Drink,180 Ml,SAR,2.1
226,Capri-Sun ,Mixed Fruit Drink,10 x 200 Ml,SAR,12.15
227,Capri-Sun ,Orange Drink,10 × 200 Ml,SAR,12.15
228,Nova ,Chewing Gum Fruit Sugar Free,5 x 2.5G,SAR,0.55
229,7 UP ,Glass Bottle,250 Ml,SAR,2.5
230,Ritz ,Original Salted Biscuits,41G,SAR,1.05
231,Galaxy ,Ripple Milk Chocolate,25G,SAR,2.35
232,Tropicana ,Frutz Blackcurrant Cocktail Sparkling Drink,6 x  300 Ml,SAR,14.95
233,Junior ,Mini Chocolate Croissant,32 grams,SAR,1.45
234,Tropicana ,Frutz Pomegranate Cocktail Sparkling Drink,6 x 300 Ml,SAR,14.95
235,Kras ,Nougat Wafer,38G,SAR,1.3
236,Aquafina ,Drinking Water,1.5L,SAR,1.5
237,Nestlé ,Aero Milk Chocolate Bar,30G,SAR,2.05
238,Kinder ,Maxi With Milk Chocolate,21G,SAR,1.05
239,Holsten ,Malt Beverage Pomegranate Flavor,330 Ml,SAR,5.75
240,Dr. Pepper ,Regular,12Z,SAR,10.0
241,Pringles ,Cheesy Cheese,165G,SAR,10.95
242,Red Bull ,Sugar free Energy Drink,250 Ml,SAR,9.95
243,Pringles ,Barbeque,165G,SAR,10.95
244,Al Rabie ,Berry Mix Premium Drink,200 Ml,SAR,1.5
245,Moussy ,Malt Beverage Pomegranate Flavor,330 Ml,SAR,4.95
246,Pringles ,Hot & Spicy,165G,SAR,10.95
247,Cadbury ,Dairy Milk Hazelnut,87G,SAR,6.95
248,Almarai ,Low Fat Evaporated Milk,170G,SAR,2.4
249,Barbican ,Malt Beverage,330 Ml,SAR,5.0
250,Tiffany ,Break Delights Chocolate Wafers,12 x 25G,SAR,9.5
251,7 days ,Strawberry Cake Bar,25G,SAR,0.8
252,Kinder ,Bueno White Chocolate,39 GRAMS,SAR,2.75
253,Bonny ,Low Fat Evaporated Milk,170G,SAR,3.15
254,Tannourine ,Natural Spring Water,0.5L,SAR,2.1
255,Nadec ,Long Life Vanilla Flavored Milk,200 Ml,SAR,1.65
256,Nadec ,Long Life Strawberry Flavored Milk,200 Ml,SAR,1.65
257,Nadec ,Long Life Chocolate Milk,200 Ml,SAR,1.65
258,M&M ,Mini Chocolate Tube,30.6G,SAR,3.5
259,Holsten ,Malt Beverage Strawberry Flavor,330 Ml,SAR,5.75
260,Cadbury ,Dairy Milk Chocolate Bubbly,87G,SAR,6.95
261,Loacker ,Crispy Wafers Filled With Vanilla Creme,45G,SAR,3.15
262,Almarai ,Long Life Fat Free Milk,12 × 1L,SAR,40.0
263,Almarai ,Double Chocolate Long Life Milk,200 Ml,SAR,1.6
264,Bahlsen ,Pick Up With Chocolate And Caramel,28G,SAR,2.25
265,Bazooka ,Juicy Drop Pop Or  Pop Cola Candy,26G,SAR,8.25
266,Nada ,Danyah Long Life Strawberry Milk,18 x 200 Ml,SAR,17.95
267,Bazooka ,Big Baby Pop Candy Blueberry,32 G,SAR,5.45
268,M&M ,Peanut Chocolate,45G,SAR,3.25
269,Al Rabie ,Berry Mix Fortified Drink,120 Ml,SAR,1.6
270,Nada ,Azzoz Long Life Strawberry Milk Full Cream,18 × 200 Ml,SAR,17.95
271,Nada ,Danya Long Life Banana Milk,18 × 200 Ml,SAR,17.95
272,Mentos ,Mixed Fruits Sugar Free Bubble Gum,64G,SAR,10.45
273,Nada ,Azzoz Long Life Chocolate Milk,18 x 200 Ml,SAR,17.95
274,Nada ,Danya Long Life Chocolate Milk,18 × 200 Ml,SAR,17.95
275,Snickers ,Twin,40G,SAR,3.75
276,Al Rabie ,Multi Fruit Fortified Nectar,120 Ml,SAR,1.6
277,Lipton ,Pear & Peach Green Ice Tea,320 Ml,SAR,3.0
278,Galaxy ,Smooth Dark Chocolate,40G,SAR,3.1
279,Nature Valley ,Crunchy Oats & Chocolate,42G,SAR,2.5
280,Oreo ,Double stuff,48G,SAR,1.75
281,Wrigley's ,Turblenc 5 Watermelon,12 Pieces,SAR,5.5
282,Belvita ,Bran Biscuit Rish in Fibre,62G,SAR,1.5
283,KitKat ,Chunky Milk Chocolate Bar,46G,SAR,2.65
284,Saudia ,Golden Taste Milk,1L,SAR,6.05
285,Belvita ,Kleija With Cardamom,62G,SAR,1.5
286,Oreo ,Original Crème,38G,SAR,1.0
287,Nature Valley ,Crunchy Oats & Berries Bars,42G,SAR,2.5
288,Galaxy ,Flutes Chocolate Wafer 4 Fingers,45G,SAR,2.1
289,Holsten ,Malt Beverage Black Grape Flavor,330 Ml,SAR,5.5
290,Fonte ,Vanilla CupCake,30G,SAR,0.55
291,Wrigley's ,Extra Spearmint Sugar Free Gums,60 Pieces,SAR,7.95
292,Al Rabie ,Orange Drink,125 Ml,SAR,1.05
293,KitKat ,Chunky Caramel Chocolate Bar,52.5G,SAR,3.1
294,Rauch ,Peach Drink,250 Ml,SAR,5.0
295,Fanta ,Grape Soda,12Z,SAR,8.5
296,Maggi ,Beef Flavor Cubes,20G,SAR,0.8
297,Maggi ,Chicken Stocks Cubes Less Salt,20G,SAR,0.8
298,Maggi ,Cream of Chicken Soup,71G,SAR,3.75
299,Maggi ,Chicken With ABC Pasta Soup,66G,SAR,3.75
300,Maggi ,Chicken Noodle Soup,60G,SAR,3.4
301,Maggi ,Spring Season Soup,59G,SAR,4.15
302,Nature Valley ,Crunchy Oats & Cinnamon Bars,42G,SAR,2.5
303,Tropicana ,Frutz Lemon Mint Cocktail Sparkling Drink,6 ×  300 Ml,SAR,14.95
304,Tiffany ,Fiori Caramel,40G,SAR,1.05
305,Cadbury ,Dairy Milk Plain,37G,SAR,2.95
306,Nestlé ,Toffee Crisp Chocolate,38G,SAR,2.65
307,Berain ,Water,40 × 330 Ml,SAR,15.7
308,Evian ,Natural Mineral Water,1.25L,SAR,12.25
309,Nature Valley ,Crunchy Oats & Coconut Bars,42G,SAR,2.5
310,Bazooka ,Candy Triple Push Pop,34G,SAR,8.25
311,Al Baker ,Patent Flour For All Purpose,1Kg,SAR,3.95
312,Oreo ,Golden Milk Cookie,38G,SAR,1.05
313,Kellogg's ,Coco Pops Snack Bar,20G,SAR,2.65
314,KitKat ,Crunchy Cookies,19.5G,SAR,1.6
315,Cofique ,Iced Caramel Coffee,24G,SAR,3.5
316,Aquafina ,Drinking Water,500 Ml,SAR,0.8
317,Godiva ,Dark Chocolate,30G,SAR,3.95
318,Ulker ,Biskrem Cocoa Cream Filled Cookie,16 x 40G,SAR,8.95
319,Bazooka ,Flip 'N' Dip Cola,25G,SAR,6.3
320,Bazooka ,Flip 'N' Dip Black Currant,25G,SAR,6.3
321,Lusine ,Strawberry Cup Cake,540G,SAR,0.65
322,Lusine ,Chocolate Cup Cake,540G,SAR,0.65
323,Lusine ,Vanilla Cup Cake,540G,SAR,0.65
324,Berain ,Drinking Water,5L,SAR,4.5
325,KitKat ,Coconut 5 Fingers,40G,SAR,3.65
326,KitKat ,Caramelized Hazelnut 5 Fingers,40G,SAR,3.65
327,Nescafe ,3 In 1 Hazelnut Instant Coffee,17G,SAR,1.6
328,Almarai ,Nijoom Strawberry Flavored Long Life Milk,150 Ml,SAR,1.0
329,Almarai ,Nijoom Chocolate Flavored Long Life Milk,150 Ml,SAR,1.0
330,Naqi ,Water Bottle,200 Ml,SAR,0.4
331,KitKat ,Hazelnut Crunch,23G,SAR,1.6
332,Holsten ,Malt Beverage Mojito Flavor,330 Ml,SAR,5.5
333,Oreo ,Cake Cadbury Coated,12 × 24G,SAR,8.95
334,Mcvitie's ,Digestive Creams Vanilla Biscuit,44G,SAR,1.05
335,Almarai ,Nijoom Full Fat Plain Milk,150 Ml,SAR,1.0
336,ALICAFE ,Signature 3 In 1 French Roast Instant Coffee,24 x 25G,SAR,25.75
337,Baja ,Instant Arabic Coffee Normal Flavor,30G,SAR,4.15
338,Nada ,Danya Long Life Milk Full Cream,18 × 200 Ml,SAR,17.95
339,Maggi ,Vegetable Stocks Cubes,20G,SAR,0.8
340,Nada ,Azzoz Long Life Milk Full Cream,18 × 200 Ml,SAR,17.95
341,Galaxy ,White Chocolate,38G,SAR,3.1
342,Baja ,Instant Arabic Coffee Cloves Flavor,30G,SAR,4.15
343,Cadbury ,Dairy Milk Oreo,38G,SAR,3.15
344,Karak Tea ,Instant Premix with Saffron,20G,SAR,3.15
345,Doritos ,Sweet Chilli Pepper,25G,SAR,1.05
346,Almarai ,Nijoom Vanilla Flavored Long Life Milk,150 Ml,SAR,1.0
347,Twix ,Extra Chocolate,75G,SAR,3.75
348,Almarai ,Nijoom Banana Flavored Long Life Milk,150 Ml,SAR,1.0
349,Karak Tea ,Instant Premix with Cardamom,20G,SAR,2.1
350,Effect ,Energy Drink,250 Ml,SAR,7.5
351,Galaxy ,Chocolate With Hazelnut,40G,SAR,3.1
352,Extra ,Tab Envelope Peppermint Gum,32G,SAR,4.25
353,Tropicana ,Frutz Mango Peach Cocktail Sparkling Drink,300 Ml,SAR,3.15
354,Reese's ,Nut Bar With Chocolate Milk,47G,SAR,3.65
355,Moussy ,Malt Beverage Ice Berry Flavor,330 Ml,SAR,5.0
356,Galaxy ,Chocolate With Fruit & Nut,40G,SAR,3.1
357,Almarai ,Full Fat Evaporated Milk,170G,SAR,2.4
358,Twix ,Top Chocolate,21G,SAR,1.05
359,Galaxy ,Chocolate With Caramel,40G,SAR,3.1
360,Galaxy ,Smooth Milk Chocolate,90G,SAR,6.5
361,Almarai ,Strawberry Flavored Long Life Milk,200 Ml,SAR,1.6
362,Hershey's ,Milk Chocolate,1.55Z,SAR,8.5
363,Doritos ,Spicy Sweet Chili,3.25Z,SAR,7.95
364,Farm ,Pure ghee,400G,SAR,20.95
365,Foster Clark's ,Baking Powder,110G,SAR,3.7
366,Freshly ,Balsamic Grape Vinegar Of Modena,250 Ml,SAR,9.5
367,Nature Valley ,Singles Oats & Honey Bars,21G,SAR,1.0
368,Zanjbila ,Natural Ginger Drink,400 Ml,SAR,3.0
369,Eti Adicto ,Classic Brownie Cake,200G,SAR,8.75
370,Nature Valley ,Singles Oats & Chocolate Bars,21G,SAR,1.0
371,Al Safi ,Safio Cornflakes Milk,200 Ml,SAR,1.75
372,Al Safi ,Safio Cookies Milk,200 Ml,SAR,1.75
373,Al Shifa ,Black Forest Honey,250G,SAR,48.25
374,Al Shifa ,Natural Honey,250G,SAR,21.75
375,Almarai ,Mixed Fruit Juice,200Ml,SAR,1.05
376,Almarai ,Pure Butter Ghee,400G,SAR,20.95
377,Alosra ,Fine Sugar,1Kg,SAR,3.4
378,Davidoff ,Instant Coffee Rich Aroma,100G,SAR,19.5
379,Goody ,Vermicelli Nest Pack,250G,SAR,3.85
380,Crystal ,Hot Sauce,3Z,SAR,1.6
381,Geisha ,Geisha white Meat Tuna in Rice Oil & Salt Added,100G,SAR,9.95
382,California Garden ,Peeled Fava Bean With Chili,450G,SAR,5.25
383,Toblerone ,Tiny chocolate,200G,SAR,10.75
384,Kellogg's ,Frosties Sugar Frosted Flakes of Corn,500G,SAR,25.95
385,Goody ,Pasta,Assorted Shapes,SAR,3.85
386,Nova ,Chewing Gum Peppermint Sugar Free,5 x 2.5G,SAR,0.55
387,Shop Rite ,Butter Flavor Cooking Spray,227G,SAR,20.95
388,Betty Crocker ,Supermoist Dark Chocolate,500G,SAR,11.0
389,Betty Crocker ,Supermoist Milk Chocolate Cake,500G,SAR,11.0
390,Betty Crocker ,SuperMoist Yellow Cake,500G,SAR,11.0
391,Cadbury ,Flake,32G,SAR,3.0
392,Green Giant ,Niblet Corn,340G,SAR,6.05
393,Goody ,Creamy French Dressing,8Z,SAR,7.95
394,Betty Crocker ,Supermoist White Chocolate Swirl Cake,500G,SAR,11.0
395,Al Wazir ,Olive Oil,500 Ml,SAR,18.85
396,Betty Crocker ,Supermoist White Cake,500G,SAR,11.0
397,RS ,Olive Oil,500 Ml,SAR,15.5
398,Wafer Master ,Chocolate With Hazelnut,400G,SAR,16.5
399,Hershey's ,Kisses Milk Chocolate,226G,SAR,24.45
400,Goody ,Pancake Syrup,24Z,SAR,13.25
401,Bounty ,Coconut Chocolate Bar,57G,SAR,2.95
402,Nahool ,Raisin Cake,12 × 28G,SAR,8.35
403,Nescafe ,Gold Rich & Smooth Instant Coffee,100G,SAR,21.95
404,Mcvitie's ,Digestive The Original Delicious Wheat Biscuits,400G,SAR,11.95
405,Maggi ,Coconut Milk Powder Mix,300G,SAR,16.0
406,Dream Whip ,Whipped Topping Mix,144G,SAR,10.95
407,Davis ,UnFlavored Gelatin,50G,SAR,14.65
408,Nestlé ,Cream,170G,SAR,4.75
409,Melitta ,Auslese Classic Coffee,500G,SAR,54.95
410,Golden Crown ,Cream,286G,SAR,7.5
411,Al Taj ,Original Cream,155G,SAR,5.25
412,Lorenz ,Chipsletten Hot & Spicy,100G,SAR,7.25
413,Keebler ,Chips Deluxe Original Cookies,448G,SAR,26.9
414,Lorenz ,Pomsticks Paprika,100G,SAR,7.95
415,Hershey's ,Milk Chocolate Chips,275G,SAR,17.95
416,Halwani Brothers ,Strawberry Jam,400G,SAR,4.95
417,Melitta ,Premium Highland Coffee,500G,SAR,54.95
418,Nakhlatain ,Pure Vegetable Oil For Frying,1.8L,SAR,11.95
419,Lusine ,White Sliced Bread,1 count,SAR,4.2
420,Hershey's ,Semi-Sweet Chocolate Chips,275G,SAR,18.85
421,Lusine ,Brown Sliced Bread,1 count,SAR,5.25
422,Najjar ,Brazilan Coffee Classic,200G,SAR,17.5
423,American Garden ,Mushroom Pasta Sauce,14Z,SAR,8.5
424,Keebler ,Chips Deluxe Chocolate Chunk Cookies,328G,SAR,26.9
425,Goody ,Spaghetti Pasta,450G,SAR,3.85
426,Freshly ,Popcorn In Jar,16Z,SAR,11.55
427,Freshly ,Ranch Salad Dressing,16Z,SAR,8.95
428,Freshly ,French Salad Dressing,16Z,SAR,8.95
429,Goody ,Grape Leaves,960G,SAR,21.95
430,Coopoliva ,Black Pitted Olives Can,75G,SAR,4.25
431,Indofood ,Sweet Soy Sauce,625 Ml,SAR,18.25
432,Fuchsia ,Sesame Burger Bread,6 pieces,SAR,3.15
433,Coopoliva ,Black Olives Can,200G,SAR,5.95
434,Olite ,Canola Oil With Omega 3,1.8L,SAR,19.9
435,Fuchsia ,Sliced Bread Brown,1 count,SAR,5.45
436,Coopoliva ,Black Olives Sliced Jar,510G,SAR,16.95
437,California Garden ,Fava beans Lebanese Recipe,450G,SAR,5.25
438,California Garden ,Fava beans Egyptian Recipe,450G,SAR,5.25
439,California Garden ,Fava Beans Saudi KOSHNA Recipe,450G,SAR,5.25
440,California Garden ,Peeled Fava Beans Secret Recipe,450G,SAR,5.25
441,Goody ,Pieces and Stems Mushroom,400G,SAR,5.75
442,American Garden ,Grape Leaves,32Z,SAR,25.15
443,Affco ,Chicken Luncheon Meat Hallal,340G,SAR,9.2
444,California Garden ,Premium Fava Beans Plain Medammes,450G,SAR,3.5
445,Ideal ,Black Olives Can,250G,SAR,9.95
446,Freshly ,Chick Peas Jar,580G,SAR,3.75
447,Freshly ,Corned Beef,340G,SAR,11.95
448,American Garden ,Blueberry Topping & Filling,21Z,SAR,22.3
449,Freshly ,Iodized Table Salt,26Z,SAR,2.95
450,Freshly ,Natural Sliced Mushroom,390G,SAR,6.95
451,Betty Crocker ,Supermoist Vanilla Cake,500 Grams,SAR,11.0
452,American Garden ,Strawberry Topping & Filling,21Z,SAR,17.3
453,Goody ,Light Meat Tuna With Chilli,185G,SAR,6.95
454,Goody ,Sliced Pineapple,567G,SAR,6.85
455,Haitai ,Cheese Crackers,222G,SAR,7.0
456,Indofood ,Mild Sweet Soy Sauce,625 Ml,SAR,18.25
457,Abu Zahra ,Pure Sunflower Oil,1.8L,SAR,9.95
458,Weinrich ,White Chocolate Baking Bar,250G,SAR,23.95
459,Weinrich ,Fine Milk Chocolate Baking Bar,250G,SAR,24.95
460,Maggi ,Seasoning,200 Ml,SAR,6.55
461,Smedley ,Baked Beans,219G,SAR,3.15
462,Rainbow ,Full Cream Milk Powder,1.8kg,SAR,64.95
463,Geisha ,Light Meat Tuna In Oil,200G,SAR,7.95
464,Shop Rite ,Vegetable Oil Cooking Spray,227G,SAR,20.95
465,Rabea ,Express Tea Bags,100 x 2G,SAR,18.95
466,Geisha ,White Meat Tuna In Oil,185G,SAR,17.75
467,Lusine ,Cheese Puff,70G,SAR,1.05
468,Sunwhite ,Calrose Rice,2Kg,SAR,16.5
469,Herfy ,Cluster Roll,8 Pieces,SAR,3.15
470,Capri-Sun ,Wafers Sticks Cocoa,400G,SAR,24.4
471,Haitai ,Original Crackers,222G,SAR,7.0
472,Al karama ,Spring Roll Pastry,250G,SAR,6.25
473,Al Wazir ,Extra Virgin Olive Oil,500 Ml,SAR,19.95
474,Riyadh Food ,Baking Powder,100G,SAR,2.35
475,Riyadh Food ,Bicarbonate Of Soda,100G,SAR,2.35
476,Luna ,Sweetened Condensed Milk,395G,SAR,6.85
477,Lipton ,Yellow Label Black Loose Tea,400G,SAR,18.75
478,Lusine ,Cheese Croissant,60G,SAR,1.05
479,Twinings ,Pure Green Tea,25 Pieces,SAR,20.5
480,Nestlé ,Fitness Fruits Breakfast Cereal Low Fat,375G,SAR,21.5
481,Mcvitie's ,Digestive Light Wheat Biscuits,250G,SAR,9.95
482,Lipton ,Green Mint Tea,100 Teabags x 1.5G,SAR,20.95
483,Shahea ,Pure Corn Oil,3.5L,SAR,34.95
484,Freshly ,Ground Black Pepper,3Z,SAR,14.1
485,Freshly ,Italian Seasoning,1.2Z,SAR,8.65
486,Mr. Krisps ,Spicy & Hot Cheese Balls,80G,SAR,7.95
487,Nescafe ,Gold Instant Coffee,50G,SAR,12.95
488,Lotte ,Kancho Choco Biscuit,34G,SAR,1.85
489,Nescafe ,Gold Decaf Rich & Smooth Instant Coffee,100G,SAR,25.95
490,Al Alali ,Arabic Dessert Syrup,675G,SAR,15.7
491,Mentos ,White Tutti Frutti Sugar Free Chewing Gum,38 Count,SAR,8.5
492,Mentos ,White Sweetmint Sugar Free Chewing Gum,38 Count,SAR,8.5
493,Kellogg's ,Coco Pops Rocks,350G,SAR,22.0
494,California Garden ,Mushrooms Pieces and Stems,425G,SAR,6.95
495,Lipton ,Green Lemon Tea,100 Teabags x 1.5G,SAR,22.5
496,Freshly ,Hot Buffalo Chicken Wing Sauce,12Z,SAR,10.25
497,Anoosh ,Cinnamon Maamoul,320G,SAR,8.95
498,Mazola ,Frying Oil,1.8L,SAR,12.5
499,Goody ,Popcorn,850G,SAR,15.95
500,Lorenz ,Saltletts Cocktail Mix,180G,SAR,10.65
501,Anoosh ,Date Molasses Maamoul,320G,SAR,10.75
502,Kens ,Steak House Lite Ranch Dressing,473 Ml,SAR,19.5
503,Al Alali ,Corn Flour,450G,SAR,8.25
504,Al Alali ,Natural White Vinegar,473 Ml,SAR,4.95
505,Freshly ,Original Barbecue Sauce,18Z,SAR,6.65
506,Freshly ,Natural Distilled White Vinegar,3.78L,SAR,18.3
507,Freshly ,Dark Red Kidney Beans,15Z,SAR,4.45
508,Freshly ,Whole Peeled Plum Tomatoes In Tomato Juice,390G,SAR,2.25
509,Freshly ,Sliced Beets,425G,SAR,6.3
510,Al Rifai ,French Cafe,250G,SAR,20.95
511,Freshly ,Buffalo Chicken Wing Sauce,355 Ml,SAR,9.95
512,Davidoff ,Instant Coffee Espresso 57 Intense,100G,SAR,19.5
513,Sunny ,Sunny Pure Vegetable Oil For Cooking,1.8L,SAR,16.3
514,Sugar In The Raw ,Turbinado Cane Sugar,907G,SAR,11.95
515,Herfy ,Sliced Bran Bread,600G,SAR,5.25
516,Americana ,Chicken Burger hot and crispy,678G,SAR,19.95
517,Herfy ,Sliced White Jumbo Bread,1 count,SAR,4.2
518,Lorenz ,Crunchips Light Sour Cream,90G,SAR,7.85
519,Nestlé ,Coffee-Mate Light Coffee Creamer,450G,SAR,19.75
520,Rainbow ,Sweetened Condensed Milk,397G,SAR,7.45
521,Dazaz ,Sugar White Sugar Stick,100 x 5G,SAR,9.2
522,Goody ,Arabic Sweets' Syrup,710 Ml,SAR,11.75
523,Goody ,Chopped Tomatoes In Tomato Juice,400G,SAR,3.5
524,Al Jabal ,Tahina Liquid,500G,SAR,16.75
525,Herfy ,Sandwish Jumbo,3 Pieces,SAR,3.15
526,Tamimi Markets ,Turmeric Powder,240G,SAR,7.95
527,Freshly ,Anchovies Flat Fillets In Sunflower Oil,50G,SAR,7.6
528,Foster Clark's ,Vanilla Powder,15G,SAR,4.15
529,Mcvitie's ,Digestive Biscuit Covered with Dark Chocolate,200G,SAR,9.55
530,Geisha ,Fancy Meat Tuna In Sunflower Oil,200G,SAR,8.35
531,Lipton ,Green Classic Tea,100 Teabags x 1.5G,SAR,23.05
532,Ferrero Rocher ,Chocolate Collection,269G,SAR,47.25
533,Mars ,Chocolate Bars,6 x 51G,SAR,17.5
534,Dazaz ,Sugar Pure Icing Sugar,1Kg,SAR,8.95
535,Freshly ,Natural Microwave Popcorn,10.50Z,SAR,12.3
536,Freshly ,Microwave Popcorn,10.50Z,SAR,12.3
537,Freshly ,Lite Butter Flavor Microwave Popcorn,10.50Z,SAR,12.3
538,Freshly ,Natural Butter Flavor Microwave Popcorn,10.50Z,SAR,12.3
539,Herfy ,Minced Chicken,400G,SAR,7.6
540,Herfy ,Minced Chicken,750G,SAR,11.5
541,Nestlé ,Chocapic Whole Wheat Chocolate Cereal,20% Free 450G,SAR,18.95
542,Hershey's ,Syrup Caramel,22Z,SAR,10.95
543,Goody ,Microwave Natural Popcorn,3 x 85G,SAR,12.25
544,Goody ,Microwave Popcorn Butter Flavor,3 x 85G,SAR,12.25
545,Tamimi ,Lamb Burger,500 g,SAR,20.0
546,Foody's ,White Fish Fillet,1Kg,SAR,31.45
547,Freshly ,Fettuccine Italian Style,16Z,SAR,9.5
548,ALICAFE ,3 In 1 Instant Classic Coffee,35 + 5 Sachets Free x 20G,SAR,36.95
549,Freshly ,Balsamic Vinegar Of Modena Cream,150 Ml,SAR,16.8
550,Freshly ,Whole Kernel Corn Ready To Eat Spoon Included,8Z,SAR,2.75
551,Victoria ,Vine Leaves Stuffed With Rice,400G,SAR,9.95
552,Rahma ,Olive Pomace Oil In Extra Virgin Olive Oil,500Ml,SAR,16.95
553,Sunbites ,Cheese & Herbs Bread Bite,110G,SAR,5.05
554,Noor ,Fry Lite Blended Oil,1.8L,SAR,13.95
555,Freshly ,Onion Powder,3Z,SAR,9.7
556,Sasa ,Iodized Table Salt,750G,SAR,2.75
557,American Garden ,Blackberry Topping & Filling,21Z,SAR,18.4
558,Borgat ,Raspberry & Blackberry Gummy Candy,100G,SAR,4.75
559,Capri-Sun ,Wafers Chocolate,250G,SAR,16.0
560,Bugles ,Crispy Corn Snacks Original,125G,SAR,6.5
561,Lays ,Quavers Cheese Flavor Light Potato Snack,90G,SAR,4.95
562,Freshly ,Pancake Syrup Buttery Taste,12Z,SAR,12.95
563,Pringles ,Ketchup,165G,SAR,10.95
564,Mcvitie's ,Digestive Wholesense Wholewheat Biscuits,400G,SAR,13.6
565,Hanaa ,Butter Flavour Vegetable Ghee,2L,SAR,27.95
566,Hershey's ,Unsweetened Cocoa Powder,226G,SAR,23.95
567,Abu Jabal ,Long Leaf Tea,200G,SAR,20.95
568,California Garden ,Peeled Fava Bean With Chili,3 + 1 Free x 450G,SAR,15.25
569,Freshly ,Fat Free Ranch Salad Dressing,16Z,SAR,13.95
570,Castania ,Extra Nuts,450G,SAR,30.4
571,California Garden ,Peeled Fava Beans Secret Recipe,3 + 1 Free x 450G,SAR,15.25
572,Fonte ,Brown Sliced Bread,665G,SAR,5.25
573,Mcvitie's ,Choco Hob Nobs,300G,SAR,11.3
574,Fonte ,Jumbo Sub Sandwich Sesame Bread,3 Pieces 375G,SAR,3.3
575,Fonte ,Jumbo Sesame Burger Bun,6 Pieces 500G,SAR,4.5
576,Fonte ,Medium Sesame Burger Bun,6 Pieces 400G,SAR,3.15
577,Siafa ,Ajwa Al Madinah Al Munawwarah,400G,SAR,36.75
578,Nature Valley ,Crunchy Oats & Apple Bars,12 x 42G,SAR,12.75
579,Nature Valley ,Crunchy Oats & Honey Bars,6 x 42G,SAR,12.75
580,Chung Yang ,Foods Korean Sesame Oil,320Ml,SAR,37.5
581,Bonny ,Full Cream Evaporated Milk bottle,170G,SAR,4.55
582,Siafa ,Sukkary Dates,400G,SAR,22.55
583,Bahlsen ,Waffeletten Dark,100G,SAR,13.95
584,Goody ,Fettuccini Pasta,500G,SAR,5.25
585,Goody ,Lasagna Pasta,500G,SAR,6.75
586,Maekrua ,Oyster Sauce,600 Ml,SAR,14.2
587,Shams ,Sunflower Oil,1.8L,SAR,15.25
588,Nakheel ,Pure Vegetable Oil For Frying,1.8L,SAR,8.95
589,Campfire ,Marshmallows Regular White,300G,SAR,14.45
590,Campfire ,Marshmallows Multifruit,300G,SAR,14.45
591,Campfire ,Marshmallows Multifruit Mini,300G,SAR,14.45
592,Perfetto ,Spaghetti,450G,SAR,4.75
593,Time ,Wafer Master,120G,SAR,9.85
594,Borgat ,Glow Stix Gummy Candy,175G,SAR,5.75
595,Borgat ,Raspberry & Blackberry Gummy Candy,175G,SAR,5.75
596,Borgat ,Cola Gummy Candy,100G,SAR,4.75
597,Premium Harvest ,Peeled Chestnut,100G,SAR,6.85
598,Lusine ,Multigrain Sliced Bread,600G,SAR,6.25
599,Kinder ,Bueno With Milk Chocolate & Hazelnut,5 × 43G,SAR,13.0
600,7 days ,Croissant With Strawberry,50G,SAR,1.05
601,Baja ,Salted Pistachio,160G,SAR,13.95
602,Baja ,Salted Cashew,160G,SAR,14.6
603,Baja ,Mixed Deluxe Nuts,160G,SAR,13.95
604,Mentos ,Squeez Strawberry Chewing Gum No Sugar Added,56G,SAR,13.8
605,Extra ,Professional Mints Peppermint,20G,SAR,5.25
606,Premium Harvest ,Dehydrated Figs,250G,SAR,20.2
607,Farmers' Union ,Pure Wild Flower Honey,400G,SAR,24.95
608,Premium Harvest ,Dehydrated Apricot,250G,SAR,20.2
609,Night Orient ,Premium Grape Merlot,750 Ml,SAR,52.5
610,Bonny ,Full Cream Evaporated Milk bottle,340G,SAR,5.95
611,Baja ,Extra Mixed Nuts,500G,SAR,36.5
612,California Garden ,Light Tuna Chunk In Vegetable Oil,170G,SAR,5.75
613,Baja ,Barbeque Mixed Deluxe,500G,SAR,44.95
614,Fonte ,Spicy Tortilla Wraps,8 Inch 6 Pieces 250G,SAR,4.95
615,Fonte ,Tortilla Wraps,8 Inch 6 Pieces 250G,SAR,4.95
616,Bahlsen ,Choco Leibniz Caramel,135G,SAR,13.2
617,Fonte ,Bread Crumbs,500G,SAR,7.1
618,Reem ,Mushroom Pieces & Stems,425G,SAR,4.75
619,Paldo ,Seafood Noodle Soup,120G,SAR,5.25
620,Galaxy ,Minis Smooth Milk Chocolate,150G,SAR,12.5
621,Galaxy ,Minis Chocolate With Hzelnut,150G,SAR,12.75
622,Freshly ,Chicken Vienna Sausage,4.6Z,SAR,4.15
623,Lipton ,Extra Strong Black Tea,400G,SAR,17.25
624,Almarai ,Fresh Double Chocolate Milk,180Ml,SAR,1.5
625,Siblou ,Cod Fillets,500G,SAR,50.95
626,Goody ,Alfredo Pasta Sauce,410G,SAR,8.75
627,Kinder ,Bueno Mini,108G,SAR,10.25
628,Ritter Sport ,Strawberry Yogurt Chocolate,100G,SAR,10.95
629,Tiffany ,Break Rizzo Crunchy Wafer with Caramel,12x35G,SAR,9.5
630,Lays ,Forno Black Pepper Baked Potato chips,170G,SAR,6.5
631,Lays ,Forno Authentic Cheese Baked Potato chips,170G,SAR,6.5
632,Freshly ,Oregano Leaves,0.8Z,SAR,5.75
633,Al Rifai ,Turkish Cafe,250G,SAR,19.5
634,KitKat ,Two Finger Mini Milk Chocolate Bar Snack Bag,19 x 13.5G,SAR,16.0
635,Walima ,Peeled Tomatoes,400G,SAR,2.65
636,Betty Crocker ,Supermoist Dark Chocolate,2 x 500G,SAR,12.95
637,Heinz ,Creamy Classic Mayonnaise,940 Ml,SAR,12.95
638,Target ,Beef Luncheon Meat,340G,SAR,9.2
639,Hanaa ,Whole peeled tomato,400G,SAR,2.4
640,Sis ,Brown Sugar,1Kg,SAR,12.55
641,Bounty ,Coconut Chocolate,5 x 2 x 28.5G,SAR,14.0
642,Heinz ,Real Garlic Mayonnaise,400 Ml,SAR,14.85
643,Ritter Sport ,Cocoa Mousse Chocolate,100G,SAR,10.95
644,Kellogg's ,Coco Pops Jumbos,375G,SAR,21.25
645,Golden Chair ,Butter,340G,SAR,16.5
646,Premium Harvest ,Dehydrated Cranberry,250G,SAR,18.4
647,Premium Harvest ,Dehydrated Prunes,250G,SAR,20.2
648,Kellogg's ,Coco Pops,500G,SAR,23.75
649,Betty Crocker ,Supermoist Chocolate Fudge Cake,500G,SAR,11.0
650,Al Shifa ,Natural Honey,400G,SAR,21.95
651,Nestlé ,Fat Free Sweetened Condensed Milk,405G,SAR,9.4
652,Perfetto ,Thin Spaghetti,450G,SAR,4.75
653,Lorenz ,Pomsticks Hot & Spicy,100G,SAR,7.95
654,Hershey's ,Kisses Cookies N Cream,150G,SAR,15.7
655,7 days ,Croissant With Cocoa Cream Filling,1 + 5 Free x 55G,SAR,5.25
656,Nestlé ,Fitness Fruits Breakfast Cereal,20% Free 450G,SAR,21.5
657,Majdi ,Mixed Meat Spices,100G,SAR,8.35
658,Betty Crocker ,Pancake Crepe Or Waffle Mix,360G,SAR,10.5
659,Nestlé ,Honey Cheerios Breakfast Cereal,430G,SAR,18.95
660,Twinings ,Ginger Green Tea,25 Pieces,SAR,20.2
661,Nestlé ,Lion Caramel & Chocolate Breakfast Cereal,480G,SAR,21.5
662,Twinings ,Green Tea & Forest Fruits,25 Pieces,SAR,20.5
663,Aba-Al-Khail ,Qassim Mixed Coffee,250G,SAR,12.95
664,Monin ,Caramel Flavored Sauce,500 Ml,SAR,38.95
665,Quaker ,White Oats,1Kg,SAR,16.75
666,Mcvitie's ,Digestive Nibbles Caramel Balls,120G,SAR,7.45
667,Mcvitie's ,Digestive Nibbles Dark Chocolate Balls,120G,SAR,7.45
668,Mcvitie's ,Digestive Nibbles Milk Chocolate Balls,120G,SAR,7.45
669,Lorenz ,Crunchips Paprika,175G,SAR,7.5
670,Paldo ,Chajang Noodles,200G,SAR,6.75
671,Rio Mare ,Salatuna Texana Recipe,160G,SAR,28.3
672,7 days ,Croissant With Hazelnut & Cocoa,100G,SAR,2.1
673,Premium Harvest ,Exotic Mix,250G,SAR,23.05
674,Ritz ,Crackers,24 × 100G,SAR,3.5
675,Ferrero Rocher ,Golden Gallery Chocolate,211.6G,SAR,32.95
676,KDD ,Bechamel Sauce,1L,SAR,14.2
677,Lipton ,Extra Strong Black Tea,100 Teabags x 2.2G,SAR,18.15
678,Lusine ,Squares White Sandwich Bread,6 Sandwiches,SAR,2.0
679,Lusine ,Cream Cheese Sandwich,112.5G,SAR,2.1
680,Betty Crocker ,Cookie Cake Chocolate Chip,15 x 25G,SAR,31.9
681,Lusine ,Milk Sliced Bread,600G,SAR,5.25
682,Nutella ,B-Ready Wafer Filled With Nutella,22G,SAR,1.75
683,Nutella ,B-Ready Wafer Filled With Nutella,6 x 22G,SAR,9.75
684,Bahrain Dalla ,Cinnamon Powder,100G,SAR,6.05
685,Bahrain Dalla ,Cumin Powder,100G,SAR,6.05
686,Bahrain Dalla ,Red Chili Powder,100G,SAR,6.05
687,Betty Crocker ,Vanilla Flavored Cookie Cake with Chocolate Chip,15 x 25G,SAR,31.9
688,Goody ,Rosee Pasta Sauce,448G,SAR,8.75
689,Sunbites ,Salted Cashwes,160G,SAR,16.0
690,Sunbites ,Salted Pistachios,160G,SAR,16.0
691,Maggi ,Chicken Stocks With Natural Herbs Cubes,8 x 10G,SAR,3.65
692,Lusine ,Butter Croissant,85G,SAR,2.1
693,Tanour ,Healthy Bread With Black Seeds,240G,SAR,6.25
694,Bazooka ,Push Pop Candy,10 X 15G,SAR,31.0
695,Sunbites ,Salted Almonds,160G,SAR,16.0
696,Dilmah ,Green Tea With Lemongrass,40G,SAR,8.25
697,Herfy ,Chicken Strips,400G,SAR,18.95
698,Rio Mare ,Light Meat Tuna In Extra Virgin Olive Oil,3 × 80G,SAR,16.75
699,Herfy ,Chilli Chicken Strips,400G,SAR,18.95
700,Herfy ,Chilli Chicken Burger Breaded,550G,SAR,19.95
701,Dilmah ,Green Tea With Ginger,40G,SAR,8.25
702,Heinz ,Tomato Ketchup 50% Less Sugar & Salt,400 Ml,SAR,11.5
703,7 days ,Strudel with Apple Cinnamon Filling,55G,SAR,1.05
704,Dilmah ,Green Tea With Jasmine Flavour,40G,SAR,8.25
705,Nestlé ,Nesquik Chocolate Cereal Bar,150G,SAR,17.5
706,Nescafe ,Dolce Gusto Mocha Capsules,216G,SAR,43.4
707,Lotus ,Biscoff Crunchy Biscuit Spread,400G,SAR,23.4
708,Borgat ,Cola Gummy Candy,175G,SAR,5.75
709,Hot & Crispy ,Country Fries Seasoned Potatoes,750G,SAR,8.75
710,Hot & Crispy ,Wedges Seasoned Potatoes,750G,SAR,10.5
711,Palirria ,Oriental Dolmas With Rice,280G,SAR,9.4
712,Goody ,Date Spread,400G,SAR,13.95
713,Galaxy ,Flutes White Chocolate Wafer 2 Fingers,36 x 22.5G,SAR,1.5
714,Palirria ,Sweet & spicy Dolmas,280G,SAR,9.4
715,Bahlsen ,Pick Up Mini Biscuits With Chocolate And Milk,106G,SAR,7.25
716,Belmio ,Intenso Coffee Capsules,10 Count,SAR,23.0
717,Belmio ,Large Espresso Coffee Capsules,10 Count,SAR,23.0
718,Belmio ,Allegro Coffee Capsules,10 Count,SAR,23.0
719,Belmio ,Original Coffee Capsules,10 Count,SAR,23.0
720,Betty Crocker ,Whipping Cream Mix,15%Off 2 x 140G,SAR,10.95
721,Betty Crocker ,Red Velvet Cake,395G,SAR,16.5
722,Al Mehbaj ,Almonds White Sliced,175G,SAR,14.5
723,Zad ,Iodized Salt,700G,SAR,1.3
724,Indomie ,Beef Rendang Fried Noodles,122G,SAR,3.25
725,Indomie ,Chicken Fried Noodles,122G,SAR,3.25
726,Lusine ,Triple Cheese Puff,104G,SAR,2.1
727,Belmio ,Resoluto Coffee Capsules,10 Count,SAR,23.0
728,Goody ,Sieved Tomatoes,700G,SAR,5.5
729,Ahmed Tea ,Earl Grey Tea,100G,SAR,16.95
730,Ahmed Tea ,Lemon and Ginger,20 x 2G,SAR,11.95
731,Ahmed Tea ,Camomile And Lemongrass,20 x 1.5G,SAR,11.95
732,Ahmed Tea ,Roibos and Cinnamon,20 x 1.5G,SAR,11.95
733,Heinz ,Super Sweet Corn,900G,SAR,16.95
734,Almarai ,Cream Modified With Vegetable Oil,170G,SAR,3.5
735,Betty Crocker ,Butter Milk Pancake Mix,907G,SAR,13.25
736,Goody ,Natural Peanut Butter With No Added Sugar,340G,SAR,17.95
737,Nestlé ,Chocolate Minis,480G,SAR,27.15
738,Paldo ,Hot & Spicy Jumbo Noodles,110G,SAR,6.75
739,California Garden ,Fava Beans Saudi KOSHNA Recipe,450G,SAR,5.25
740,California Garden ,Fava beans Egyptian Recipe,450G,SAR,5.25
741,Green Giant ,Green Giant Original Sweet Corn,4 x 150G,SAR,8.0
742,Paldo ,Kimchi Flavor Jumbo Noodles,110G,SAR,6.75
743,Mf ,Biryani Paste,250G,SAR,12.55
744,Mentos ,Squeez Blackberry Chewing Gum No Sugar Added,28 Count,SAR,13.8
745,Bounty ,Mini Coconut Chocolate,275G,SAR,15.75
746,Mars ,Chocolate Minis,275G,SAR,17.25
747,Mentos ,Pure Fresh Limemint Sugar Free Chewing Gum,56G,SAR,10.6
748,Orient Gardens ,Chick Peas,370G,SAR,2.95
749,American Garden ,Caramel Original Syrup,24Z,SAR,12.55
750,Caffe Ottavo ,Gran Gusto,52G,SAR,21.5
751,Ice Breakers ,Sour Fruity Flavor,42G,SAR,10.4
752,Oreo ,Minis,115G,SAR,9.45
753,Hershey's ,Premier White Chips,12Z,SAR,21.9
754,Lays ,Forno Labneh & Mint Baked Potato chips,170G,SAR,6.5
755,Lorenz ,Country Chips Kettle Cooked German Potatoes Paprika,125G,SAR,11.7
756,Ritter Sport ,Yoghurt Cubes Chocolate,176G,SAR,24.45
757,Betty Crocker ,Royal Triple Chocolate Cake,610G,SAR,17.9
758,Goody ,Tomato Ketchup,794G,SAR,13.6
759,Nescafe ,Dolce Gusto Chai Tea Latte Capsules,159.2G,SAR,43.4
760,Caffe Ottavo ,Coffee Fortissimo,52G,SAR,21.5
761,Caffe Ottavo ,Lungo,52G,SAR,21.5
762,Nestlé ,Nesquik Choco Hearts,335G,SAR,18.25
763,Barilla ,Napoletana Pasta sauce,400G,SAR,12.55
764,Nutella ,& Go With Bread Sticks,52G,SAR,5.25
765,Starbucks ,Caramel Macchiato,220Ml,SAR,12.55
766,Starbucks ,Chocolate Mocha,220Ml,SAR,12.55
767,Starbucks ,Coffe Latte,220Ml,SAR,12.55
768,Twinings ,Green Tea & Mint Tea Bags,50 Pisces,SAR,35.1
769,Twinings ,English Afternoon Tea Bags,25 Pisces,SAR,20.4
770,Jana ,Lubnan Rose Water,300 Ml,SAR,3.95
771,Galaxy ,Minis Chocolate With Caramel,168G,SAR,12.75
772,Jana ,Lubnan Orange Blossom Water,300 Ml,SAR,3.95
773,Jana ,Kadi Water,300 Ml,SAR,6.25
774,Freshly ,Natural Butter Flavor Microwave Popcorn 94% Fat Free,3 x 3.5G,SAR,12.3
775,Lays ,Scoops Spicy Cheese Potato Snack,165G,SAR,6.4
776,Betty Crocker ,Cookie Cake Vanilla & Chocolate,5 + 1 Free x 25G,SAR,10.6
777,Betty Crocker ,Cookie Cake Chocolate Chip,5 + 1 Free x 25G,SAR,10.6
778,Betty Crocker ,Mug Treat Blueberry Muffin With Blueberry Topping,270G,SAR,11.5
779,Betty Crocker ,Mug Treat Hot Fudge Brownie With Fudge Topping,300G,SAR,11.5
780,KitKat ,Mini Moments,25 Pieces 427.5G,SAR,31.95
781,Betty Crocker ,Creme Caramel Mix With Caramel Topping,5 + 1 Free x 69G,SAR,13.5
782,Betty Crocker ,Mug Treat Triple Chocolate Cake With Chocolate Topping,255G,SAR,11.5
783,Maggi ,Excellence Broccoli Soup,48G x 5 Sachets + Free Pyrex,SAR,23.75
784,Rustico ,Pure Black Forest Bee Honey,500G,SAR,49.5
785,Maggi ,Bechamel Mix,80G x 4 + Free Pyrex,SAR,18.25
786,Maggi ,Excellence Chicken Soup with Corn,47G x 5 Sachets + Free Pyrex,SAR,23.75
787,Majdi ,Channa Dal,800G,SAR,10.55
788,Majdi ,Red Masoor Dal,800G,SAR,10.35
789,Al Safi ,Safio Long Life Plain Milk,18 x 200 Ml,SAR,18.95
790,Lusine ,Milk Sandwich Roll,200G,SAR,2.25
791,Kinder ,Chocolate Mini,120G,SAR,10.25
792,California Garden ,Premium Fava Beans Plain Medammes,15% Free 2 x 450G,SAR,5.5
793,KitKat ,Mini Moment Cookies & Cream,15% Off 8 Pieces,SAR,11.5
794,Kellogg's ,Coco Pops Original,375G,SAR,20.95
795,Emborg ,Emborg Minced Molokhia,400G,SAR,4.95
796,Emborg ,Emborg Okra Fine,400G,SAR,4.95
797,Rio Mare ,Tuna With A Little Extra Virgin Olive Oil,20% Off 3Can x 60G,SAR,20.5
798,Hershey's ,Cookies & Cream Snacks,242G,SAR,24.0
799,St. Dalfour ,Thick Apricot Jam No Sugar Added,284G,SAR,22.95
800,St. Dalfour ,Red Raspberry Jam No Sugar Added,284G,SAR,22.95
801,Paldo ,Big Cup Kimchi Noodles,110G,SAR,6.95
802,Lays ,Fusion Lebanese Mix Baked Potato chips,160G,SAR,7.5
803,Vita ,Chicken Samosa,8 Pieces,SAR,11.25
804,Vita ,Beef Samosa,8 Pieces,SAR,11.25
805,Goody ,Tenderina Sandwich Tuna With Lemon & Pepper,80G,SAR,3.5
806,Goody ,Tenderina Sandwich Tuna In Brine Water,80G,SAR,3.5
807,Magnesia ,Organic Sea Salt,700G,SAR,6.7
808,Quaker ,Whole Oats For Breakfast,400G,SAR,8.95
809,Al Kbous ,Tea Black Tea Bags,100 Bags,SAR,14.25
810,Al Kbous ,Tea Fine Black Loose Tea,450G,SAR,17.6
811,Lusine ,Sandwich Roll Brown,200G,SAR,2.1
812,St. Dalfour ,Black Raspberry Jam No Sugar Added,284G,SAR,22.95
813,Lusine ,Sandwich Roll,200G,SAR,1.5
814,Alarabi ,Sunflower Oil Spray,200Ml,SAR,17.95
815,Mentos ,White Spearmint Sugar Free Chewing Gum,72 Count,SAR,14.9
816,Mentos ,White Strawberry Sugar Free Chewing Gum,72 Count,SAR,12.95
817,Lusine ,Burger Buns With Sesame Seeds,6 Pieces,SAR,3.15
818,Lusine ,Burger Buns Plain,6 pieces,SAR,3.15
819,KitKat ,Mini Moments Mocha,15% Off 8 Pieces,SAR,11.5
820,Ritter Sport ,Fine Extra Dark Chocolate,100G,SAR,10.8
821,Castania ,Pumpkin Seeds,300G,SAR,13.9
822,Al Orubah Bakery ,Sage Bread,1 count,SAR,5.7
823,Premium Harvest ,Cherries & Berries,180G,SAR,23.9
824,Tamara ,Sukkary Dates Box,1Kg,SAR,19.95
825,Starbucks ,Cappuccino,220Ml,SAR,12.55
826,Pringles ,Spicy Chilli Tortilla Chips,160G,SAR,9.5
827,Arjoon ,Sukkary Dates,800G,SAR,26.75
828,Pringles ,Nacho Cheese Tortilla Chips,160G,SAR,10.25
829,Arjoon ,Mabroom Dates,800G,SAR,34.25
830,Sunbites ,Cinnamon & Honey Mini Crackers,40G,SAR,2.1
831,Goody ,Velor Cream,155G,SAR,3.75
832,Ideal ,Mafrood Bread,260G,SAR,3.15
833,Ideal ,Samoli Bread,350G,SAR,4.2
834,Goody ,Burger Sauce,290 Ml,SAR,9.75
835,Ideal ,Toast Bread With Seeds,360G,SAR,4.2
836,Ideal ,Croissant With cheese,100G,SAR,2.1
837,Ideal ,Rusk,300G,SAR,12.5
838,Ideal ,Toast Sliced Bread,1 count,SAR,7.35
839,Tanour ,Healthy Bran Bread,240G,SAR,5.25
840,Hayat ,Cooking & Frying Oil,1.5L,SAR,9.95
841,Lesieur ,Canola Oil,1.8L,SAR,23.75
842,Kinder ,Bueno Dark Chocolate,43G,SAR,2.75
843,Cadbury ,Dairy Milk Chocolate,4 + 1 Free x 37G,SAR,11.8
844,Freshly ,Pineapple Broken Slices,227G,SAR,3.7
845,Lorenz ,Chipsletten Paprika,100G,SAR,7.25
846,Hintz ,Cocoa Powder,125G,SAR,18.95
847,Coopoliva ,Black Olives Pitted Can,150G,SAR,5.95
848,Batook ,Batook Natural Mastic Gum,40 Pieces,SAR,14.95
849,Coopoliva ,Black Olives Sliced Jar,114G,SAR,4.75
850,Kagi ,Mini Classic Wafer,125G,SAR,17.3
851,Wrigley's ,Extra Strawberry Sugar Free Gums,60 Pieces,SAR,7.95
852,Premium Harvest ,Black Raisins,250G,SAR,18.4
853,Al Mehbaj ,Walnut USA,175G,SAR,14.5
854,Ahmed Tea ,Bags cardamom Tea,100 x 2G,SAR,16.95
855,Twix ,Minis,275G,SAR,16.75
856,Snickers ,Minis,275G,SAR,17.1
857,Caffe Ottavo ,Sublime,52G,SAR,21.5
858,Wrigley's ,Extra Bubblemint Bottle Sugar Free Gums,60 Pieces,SAR,7.95
859,Roots ,Dried Apricot,200G,SAR,8.65
860,Vimto ,Fruit Cordial,710 ml,SAR,13.5
861,Dream Whip ,Whipped Topping Mix,72G,SAR,6.3
862,Fonte ,Cupcake Chocolate,20 X 30G,SAR,10.45
863,FC ,Corn Flour,400G,SAR,8.25
864,Punjabi Al Muhaidib ,White Basmati Rice,10Kg,SAR,74.5
865,Puck ,Cream,6 x 170G,SAR,17.85
866,Rio Mare ,Mare Light Meat Tuna In Olive Oil,80G,SAR,7.9
867,RED ROOSTER ,Hot Sauce,3Z,SAR,2.35
868,RANI ,Apple Drink,1.5L,SAR,6.3
869,Foody's ,Green Soybeans,454G,SAR,19.95
870,SB ,Plain Paratha,450G,SAR,4.5
871,RADWA ,Frozen Chicken Drumsticks,500G,SAR,10.45
872,ROYAL ,Tender Chicken Breast,1000G,SAR,19.95
873,SB ,Medium Pizza Crust 3 Pieces,495G,SAR,11.0
874,Riyadh Food ,Cream Caramel,50G,SAR,1.0
875,Saudia ,Cream,155G,SAR,3.0
876,Shahea ,Pure Corn Oil,1.8L,SAR,10.95
877,Sunbula ,Low Fat Puff Pastry Squares,400G,SAR,6.95
878,Sunbula ,Kounafa Dough,500G,SAR,5.95
879,Sunbula ,Okra Zero,400G,SAR,9.25
880,Sunbula ,Molokhia,400G,SAR,5.5
881,Suntop ,Mix Fruit Drink,18 × 125 Ml,SAR,13.5
882,Suntop ,Sun Cola Juice,125 Ml,SAR,1.0
883,Sunbula ,Pepperoni Special Pizza,470G,SAR,21.25
884,Sunbula ,Spring Roll Pastry,160G,SAR,3.5
885,Sunbula ,Egg Roll Pastry,160G,SAR,3.5
886,Sunbula ,Puff Pastry Squares,800G,SAR,8.9
887,Suntop ,Orange Drink,12 x 250 Ml,SAR,18.1
888,Sunbula ,Margarita Pizza,470G,SAR,20.8
889,TABARRUK ,Cooking  Frozen Shrimps,500G,SAR,16.8
890,TANG ,Orange Powder Drink,750G,SAR,23.95
891,Sunwhite ,Calrose Rice,5Kg,SAR,26.5
892,Twinings ,Green Tea & Mint,1.5G,SAR,20.5
893,Ulker ,Biskrem Cocoa Cream Filled Cookie,12 x 60G,SAR,12.25
894,Volvic ,Mineral Water,24x330 Ml,SAR,123.0
895,WHITE SWAN ,Calrose Rice,5Kg,SAR,28.5
896,WATANIA ,Chicken Breast,450G,SAR,9.9
897,WATANIA ,Chicken Drumsticks,450G,SAR,7.25
898,SIRELLA ,White Fish Fillets,500G,SAR,23.95
899,AL KABEER ,Breaded Chicken Fillets,450G,SAR,13.6
900,WATANIA ,Frozen Chicken,800G,SAR,10.95
901,Vimto ,Fruit Flavored Drink,18 x 125 Ml,SAR,14.95
902,Americana ,Beef Franks,375G,SAR,8.95
903,WATANIA ,Chicken Minced,400G,SAR,6.95
904,AL KABEER ,Jumbo Hot Dogs,400G,SAR,13.85
905,Abu kass ,Babaker Indian Mazza Basmati Rice,10Kg,SAR,59.95
906,Abu kass ,Indian Mazza Basmati Rice,5Kg,SAR,38.5
907,ABU BINT ,Calrose White Rice,5Kg,SAR,29.95
908,Herfy ,Chicken Nuggets,400G,SAR,19.15
909,Herfy ,Breaded Chicken Burger,678G,SAR,20.75
910,Herfy ,Chicken Tenders,400G,SAR,18.4
911,Galaxy ,Vanilla & Chocolate Cone Ice Cream,76G,SAR,5.95
912,GOLDEN ,Frozen Chicken,900 GM,SAR,111.95
913,AL KABEER ,Plain Paratha,400G,SAR,5.75
914,Goody ,Hot Sauce,3Z,SAR,1.6
915,Halwani Brothers ,Alnakhla Finest Tahina,500G,SAR,17.95
916,HB ,Top Top Fine Sugar,1Kg,SAR,3.95
917,INDIA GATE ,White Basmati Rice,5Kg,SAR,54.1
918,INDIA GATE ,Classic White Basmati Rice Ambar,5Kg,SAR,63.95
919,Al Shalan ,Indian Mazza Sella Basmati Rice,10Kg,SAR,59.95
920,AL WALIMA ,Sella Basmati Rice,10Kg,SAR,64.95
921,Ali Tea ,3 In 1 Classic Ginger Tea,25 + 5 Sachets Free,SAR,33.95
922,Almarai ,Fortified Full Cream Milk Powder,1.8Kg,SAR,47.95
923,Libby's ,Tomato Ketchup Bottle,350G,SAR,6.75
924,Americana ,Breaded Chicken Burger,678G,SAR,19.95
925,Americana ,Chicken Popcorn,400G,SAR,16.5
926,Mcvitie's ,Hobnobs Biscuits,300G,SAR,8.35
927,MONTANA ,Frozen Green Peas,400G,SAR,5.75
928,MONTANA ,Frozen Okra Zero,400G,SAR,8.35
929,MONTANA ,Frozen Strawberry,1000G,SAR,11.7
930,MONTANA ,Frozen Molokheya,400G,SAR,3.0
931,Berain ,Drinking Water,200 Ml,SAR,0.5
932,Baskin Robins ,Vanilla Ice Cream,120 Ml,SAR,7.4
933,CONE ZONE ,Ice Cream Pecan Praline,120 Ml,SAR,6.25
934,Nescafe ,3 In 1 Classic Ice Instant Coffee,24 x 20G,SAR,22.95
935,DOUX ,Frozen Chicken,650G,SAR,9.95
936,Noor ,Sunflower Oil,3L,SAR,34.95
937,Kellogg's ,Coco Pops Chocos,375G,SAR,21.95
938,Nestlé ,Cocoa Puffs Chocolate Breakfast Cereal,375G,SAR,20.95
939,Nestlé ,Honey Nut Cherious Cereals,375G,SAR,18.95
940,Freshly ,Creamy Peanut Butter,18Z,SAR,11.5
941,Freshly ,Arabic Sweet Syrup,24Z,SAR,9.95
942,Hershey's ,Peanut Butter Cups,4.4Z,SAR,11.95
943,Abu Zahra ,Pure Sunflower Oil,3L,SAR,24.2
944,Freshly ,Nacho Sliced Jalapeno Peppers,16Z,SAR,12.55
945,AL KABEER ,Prawns Medium,400G,SAR,25.5
946,Freshly ,Vinegar White,16Z,SAR,3.65
947,Galaxy ,Chocolate Cake,5 x 30G,SAR,2.75
948,Freshly ,Whole Kernel Sweet Corn,185G,SAR,4.2
949,Freshly ,Yellow Mustard,9Z,SAR,5.75
950,Galaxy ,Caramel Cake,5 x 30G,SAR,2.75
951,Galaxy ,Vanilla Ice Cream,79.5G,SAR,7.5
952,Galaxy ,Smooth Milk Chocolate,40G,SAR,3.15
953,Freshly ,Tomato Sauce,425G,SAR,4.75
954,G.S. ,White Flour,2Kg,SAR,3.75
955,IGLOO ,Duet Raspberry & vanilla Ice Cream,5 x 65 Ml,SAR,6.95
956,AL AILA ,White Basmati Rice Ambar,5Kg,SAR,39.95
957,AL AILA ,White Basmati Rice,10Kg,SAR,64.95
958,Abu Khrof ,Indian White Punjabi Basmati Rice,10Kg,SAR,51.5
959,AL KABEER ,Large Prawns,400G,SAR,28.95
960,AL KABEER ,Beef Franks,454G,SAR,15.75
961,AL KABEER ,Frozen Strawberries,900G,SAR,20.8
962,AL KABEER ,Corn On The Cob,4 Count,SAR,13.85
963,AL KABEER ,Cheese Samosas,240G,SAR,11.5
964,AL KABEER ,Frozen Minced Chicken,400G,SAR,6.95
965,AL KABEER ,Frozen Green Peas,400G,SAR,4.15
966,AL KABEER ,French Fries,1Kg,SAR,9.1
967,Galaxy ,Vanilla Cake,30G,SAR,2.75
968,Goody ,Light Meat Tuna in Sunflower Oil,90G,SAR,3.5
969,Goody ,Lite Meat Tuna In Brine Water,95G,SAR,3.5
970,Golden Brown ,Brownie Cookies CHOCOLATE,225G,SAR,47.95
971,Golden Crown ,Cream Plain,95G,SAR,3.95
972,Golden Brown ,Cina Boxx,305G,SAR,45.95
973,Lipton ,Yellow label Tea Bags,25 × 2G,SAR,5.85
974,Goody ,Tidbits Pineapple,567G,SAR,6.25
975,Goody ,Sliced Pineapple,227G,SAR,4.2
976,Heinz ,Beanz Original Baked Beans In a Deliciously Tomato Sauce,415G,SAR,6.25
977,Halwani Brothers ,Top Top Sugar,5Kg,SAR,19.9
978,Goody ,Mustard,227G,SAR,2.75
979,Goody ,Red Kidney Beans,425G,SAR,4.5
980,Halwani Brothers ,Vanilla For Sweets,20G,SAR,2.65
981,Al Safi ,Apple Juice,1500 Ml,SAR,10.0
982,Al Safi ,Lemon Juice,1500 Ml,SAR,10.0
983,Al Safi ,Mixed Fruits Juice,1500 Ml,SAR,10.0
984,Al Safi ,Mango Juice,1500 Ml,SAR,10.0
985,Al Safi ,Long Life Chocolate Milk,18 x 150 Ml,SAR,14.5
986,Al Safi ,Mixed Berries Juice,1500 Ml,SAR,9.5
987,Al Safi ,Kiwi & Lime Juice,1500 Ml,SAR,7.5
988,Al Safi ,Pomegranate Juice,1500 Ml,SAR,11.0
989,Al Safi ,Orange Juice,1500 Ml,SAR,10.0
990,Al Safi ,Strawberry Juice,1500 Ml,SAR,10.0
991,Heinz ,Creamy Classic Mayonnaise,400 Ml,SAR,14.85
992,Al Safi ,Red Cocktail Juice,1500 Ml,SAR,9.5
993,Al Safi ,Orange & Carrot Juice,1500 Ml,SAR,8.5
994,Heinz ,Light Mayonnaise,400 Ml,SAR,14.85
995,Heinz ,Tomato Ketchup,910G,SAR,19.5
996,Indofood ,Lampung Chili Sauce,140 Ml,SAR,3.45
997,INDIA GATE ,Basmati Rice Classic,1Kg,SAR,14.95
998,Heinz ,Tomato Ketchup Squeeze Bottle,342G,SAR,8.75
999,IGLOO ,Vanilla Ice Cream,1L,SAR,15.95
1000,Herfy ,Chicken Popcorn,400G,SAR,18.25
1001,Indomie ,Instant Cup Noodles Chicken Flavor,60G,SAR,2.35
1002,ALICAFE ,Signature 3 In 1 French Roast Dark Instant Coffee,30 x 25G,SAR,34.5
1003,Al Shifa ,Natural Honey,125G,SAR,11.55
1004,ALICAFE ,3 In 1 Classic Instant Coffee Special Promotion,22 + 4 Sachets Free,SAR,25.95
1005,Al Shalan ,Natural Honey,250G,SAR,23.95
1006,Karak Tea ,Instant Premix With Cardamom,10 X 20G,SAR,29.95
1007,Kellogg's ,Corn Flakes,375G,SAR,13.6
1008,KDD ,Cocktail Fruit Drink,40 x 125Ml,SAR,59.5
1009,KDD ,Vanilla Ice Cream In Biscuit Sandwich,10 Pieces,SAR,12.95
1010,KitKat ,Milk Chocolate Bar 2 Finger,36 x 20.5G,SAR,35.95
1011,LAMB WESTON ,Original Fries,2.5Kg,SAR,13.95
1012,Kikkoman ,Soy Sauce,1L,SAR,26.15
1013,KLASSNO ,Coffee Mix 3 In 1,24 + 6 Free Sticks x 20G,SAR,28.45
1014,LONDON DAIRY ,Pralines & Cream Ice Cream,500 Ml,SAR,20.95
1015,Langnese ,Black Forest Honey,125G,SAR,29.4
1016,LONDON DAIRY ,Ice Cream Vanilla Flavor,1L,SAR,38.95
1017,Al Shalan ,Ambar White Basmati Rice,10Kg,SAR,54.95
1018,Americana ,Chicken Burger,1000G,SAR,21.5
1019,Americana ,Beef Hot Dogs,450G,SAR,17.05
1020,Americana ,Classic Beef Burger,1Kg,SAR,26.2
1021,Americana ,Chicken Nuggets,400G,SAR,15.25
1022,Americana ,Chicken Strips,750G,SAR,29.4
1023,Americana ,Frozen Okra,400G,SAR,6.25
1024,Americana ,Frozen Tender Chicken Breast,2Kg,SAR,44.95
1025,Lotus ,Biscoff Biscuit Spread,400G,SAR,23.4
1026,Americana ,Frozen Garden Peas,450G,SAR,7.95
1027,M&M ,Ice Cream Cone,110 Ml,SAR,5.95
1028,Maggi ,Cream Of Mushroom Soup,68G,SAR,4.15
1029,Americana ,Happy Chicken Nuggets,400G,SAR,16.5
1030,Milgarosa ,Thai Fragrant White Rice,5Kg,SAR,36.5
1031,MC ,Straight Cut Frozen French Fries,2.5Kg,SAR,24.0
1032,Mcvitie's ,Digestive Wheat Biscuits,250G,SAR,7.95
1033,MC ,Thin Frozen French Fries,2.5Kg,SAR,25.5
1034,MCCAIN ,Chocolate Cake,510G,SAR,29.0
1035,Americana ,Hot And Crunchy Chicken Fries,400G,SAR,15.5
1036,Aquafina ,Dinking Water,200 Ml,SAR,0.5
1037,Americana ,Jumbo Beef Burger,1Kg,SAR,28.95
1038,Americana ,Hot Chicken Strips,750G,SAR,28.9
1039,Americana ,Minced Beef,400G,SAR,6.85
1040,Baskin Robins ,Pralines 'N Cream Ice Cream,1L,SAR,41.95
1041,Nada ,Junior Long Life Chocolate Milk,18 x 125 Ml,SAR,10.95
1042,Bonny ,Full Cream Evaporated Milk,170  Ml,SAR,2.75
1043,Nando's ,NANDOS PERI GARLIC SAUCE,250ml,SAR,17.5
1044,Nando's ,NANDOS PERI PERI HOT SAUCE,250ml,SAR,17.5
1045,California Garden ,Grape Leaves,1000G,SAR,24.95
1046,Cheetos ,Crunchy Flamin hot,200G,SAR,7.85
1047,BUTLER ,Frozen French Fries,2.5Kg,SAR,19.5
1048,COLD ALEX ,Frozen Minced Moloukhia,400G,SAR,5.75
1049,CHTOURA ,Hommos Tahini,380G,SAR,3.95
1050,Nando's ,NANDOS PERI PERI LEMON&HERBS SAUCE,250ml,SAR,17.5
1051,DANYA ,White Grape Juice,12 x 1L,SAR,86.25
1052,Nescafe ,Arabiana Saffron Coffee,3G,SAR,1.95
1053,Nescafe ,Gold Rich & Smooth Instant Coffee,200G,SAR,39.95
1054,Nando's ,NANDOS PERI PERI SAUCE,250ml,SAR,17.5
1055,Nescafe ,Red Mug Instant Coffee,200G,SAR,31.75
1056,Nando's ,NANDOS PERI PERI XX HOT SAUCE,250ml,SAR,17.5
1057,Nestlé ,Nestle Fitness Chocolate Bars,23.5G,SAR,3.15
1058,Nestlé ,Fitness Chocolate Bars,23.5G,SAR,17.5
1059,Nestlé ,Chocapic Cereal,375G,SAR,18.95
1060,DOUX ,Chicken Franks Garlic,400G,SAR,5.95
1061,DOUX ,Chicken Franks Cheese,400G,SAR,5.95
1062,DOUX ,Chicken Franks Arabic Spices,400G,SAR,7.25
1063,Nestlé ,Nesquick Duo Cereals,335G,SAR,19.95
1064,Nestlé ,Cookie Crisp Cereal,375G,SAR,23.9
1065,DOUX ,Chicken Franks Hot & Spicy,400G,SAR,5.95
1066,DOUX ,Chicken Franks,3 x 340G,SAR,12.55
1067,Nova ,Drinking Water,40 x 0.33L,SAR,17.95
1068,OSRA ,Fine Sugar,10Kg,SAR,23.95
1069,Pringles ,Original Chips,165G,SAR,10.95
1070,PEEP ,Pineapple Broken Slices,565G,SAR,3.7
1071,Almarai ,Mango Juice,1.5L,SAR,6.0
1072,Almarai ,Lemon & mint With Pulp Juice,1.5L,SAR,6.0
1073,Almarai ,Natural Apple Juice,1.5L,SAR,9.5
1074,Almarai ,Alphonso Mango With Pulp Juice,1.5L,SAR,9.5
1075,Almarai ,Mixed Apple Drink,1.5L,SAR,7.5
1076,Almarai ,Natural Orange With Pulp Juice,1.5L,SAR,9.5
1077,Almarai ,Orange Natural Juice,1.5L,SAR,9.5
1078,Almarai ,Mixed Orange Juice,1.5L,SAR,6.0
1079,Almarai ,Mixed Berry Juice,1.5L,SAR,6.0
1080,Almarai ,Mango Mixed Fruit Juice,1.5L,SAR,6.0
1081,Almarai ,Extra Virgin Olive Oil,500 Ml,SAR,21.5
1082,Lusine ,Squares Brown Sandwich Bread,6 Sandwiches,SAR,3.0
1083,Al Safi ,Safio Vanilla Milk,18 × 200Ml,SAR,28.35
1084,Al Safi ,Safio Long Life Chocolate Milk,18 x 200 Ml,SAR,28.35
1085,Al Safi ,Safio Banana Milk,18 × 200Ml,SAR,28.35
1086,Almarai ,Natural Grape Juice No Added Sugar,1.5L,SAR,9.5
1087,Demerara ,Natural Brown Sugar,500G,SAR,11.45
1088,Thouq ,Arabic Coffee,250G,SAR,18.95
1089,Tamara ,Ajwa Al Madina Dates,500G,SAR,28.5
1090,Alyoum ,Premium Frozen chicken,1000G,SAR,17.6
1091,Leeza ,Blend Vegetable Oil,1.8L,SAR,13.75
1092,Loacker ,Tortina White Chocolate,125G,SAR,20.5
1093,Loacker ,Tortina Original Chocolate,125G,SAR,20.5
1094,Loacker ,Tortina Dark Chocolate,125G,SAR,20.5
1095,Ragu ,Roasted Garlic Parmesan,16Z,SAR,16.95
1096,Gatorade ,Fruit Punch,32Z,SAR,12.95
1097,Twix ,Miniatures,150G,SAR,8.95
1098,Bounty ,Miniatures Coconut Chocolate,150G,SAR,8.95
1099,Snickers ,Miniatures,150G,SAR,8.95
1100,Maxwell House ,French Roast Coffee Dark,11Z,SAR,34.95
1101,Maxwell House ,Original Roast Coffee Medium,11.5Z,SAR,34.95
1102,Florida's Natural ,Premium Orange Pineapple Juice,900Ml,SAR,10.75
1103,Americana ,Chicken Nuggets With Cheese,400G,SAR,16.5
1104,Brooke Bond ,Red Label Strong Tea bags,100 x 2G,SAR,12.75
1105,Mars ,Miniatures,150G,SAR,8.95
1106,Mrs Dash ,Original Seasoning Blend Salt-Free,2.5Z,SAR,22.95
1107,Frito Lay ,Original Corn Chips,11Z,SAR,16.95
1108,Frito Lay ,French onion dip,8.5Z,SAR,13.95
1109,Frito Lay ,Cheetos Crunchy Flaming hot,8Z,SAR,15.95
1110,Frito Lay ,Pretzels Thins,10Z,SAR,16.95
1111,Ruffles ,Cheddar With Sour Cream,6.5Z,SAR,14.95
1112,Frito Lay ,Ruffles Reduced Fat,6.5Z,SAR,16.95
1113,Frito Lay ,Cool ranch chips,11Z,SAR,19.95
1114,Yergat ,California Grape Leaves,454G,SAR,22.75
1115,Geisha ,Geisha Light Meat Tuna in Sunflower Oil & Salt Added,100G,SAR,4.65
1116,California Garden ,Red Kidney Beans,440G,SAR,5.5
1117,Ritter Sport ,Mini Chocolate Mix,150G,SAR,17.85
1118,Goody ,Lite Meat Tuna In Brine Water,185G,SAR,7.5
1119,Coopoliva ,Olive Oil Refined Olive Pomace Oil Blended with Extra Virgin Olive Oil,500 Ml,SAR,14.8
1120,Frito Lay ,Jalapeño Cheddar Cheese Dip,9Z,SAR,13.95
1121,Americana ,Pommes Frites Pre-Fried French Fries,2.5Kg,SAR,17.5
1122,Maxwell House ,100% Colombian Coffee Medium,10.5Z,SAR,34.95
1123,Frito Lay ,Tortilla Yellow Corn Bread,10Z,SAR,19.95
1124,Lotus ,Caramelized Biscuits,250G,SAR,11.95
1125,Pepperidge Farm ,Goldfish Baby Cheddar Crackers,7.2Z,SAR,22.95
1126,Pepperidge Farm ,Goldfish Parmesan cheese Crackers,6.6Z,SAR,19.95
1127,Pepperidge Farm ,Goldfish Colors,187G,SAR,19.95
1128,Betty Crocker ,Double Chocolate Cookie Mix,496G,SAR,13.75
1129,Cadbury ,Milk chocolate Minis,192G,SAR,10.75
1130,Tamimi Markets ,Black Pepper Powder,240G,SAR,10.95
1131,Kellogg's ,Corn Flakes,510G,SAR,34.95
1132,Post ,Honey Bunches Of Oats Honey Roasted,411G,SAR,28.95
1133,Frito Lay ,Baked Scoops,7Z,SAR,19.95
1134,General Mills ,Cheerios Apple Cinnamon,12.9Z,SAR,31.95
1135,Bugles ,Crispy Corn Snacks Ketchup,125G,SAR,6.5
1136,Bugles ,Crispy Corn Snacks Smokin' BBQ,125G,SAR,6.5
1137,Bugles ,Crispy Corn Snacks Nacho cheese,125G,SAR,6.5
1138,Bugles ,Crispy Corn Snacks Chili,125G,SAR,6.5
1139,Betty Crocker ,Chocolate Chunk Brownie,496G,SAR,13.75
1140,Kasih ,Golden Tahini,450G,SAR,16.75
1141,Fonte ,Hot Dog Bread,6 Pieces 360G,SAR,4.95
1142,Betty Crocker ,Dark Chocolate Brownie,496G,SAR,13.75
1143,Nestlé ,Wonka Gobstopper,5Z,SAR,8.95
1144,Frito Lay ,Cooked BBQ Flavored Potato Chips,6.5Z,SAR,19.95
1145,Hershey's ,Special Dark Xl,4.25Z,SAR,11.95
1146,Frito Lay ,Doritos Cool Ranch Flavored Tortilla Chips,3.25Z,SAR,6.95
1147,Breakfast blend ,Coffe blend,11Z,SAR,34.95
1148,Sanck Factory ,Pretzel Crisps,7.2Z,SAR,21.95
1149,Goody ,Arrabbiata Pasta Sauce,420G,SAR,7.5
1150,Goody ,Marinara Pasta Sauce,420G,SAR,7.5
1151,Skittles ,Coated Chewy Fruits,174G,SAR,10.25
1152,Rio Mare ,Light Meat Tuna In Olive Oil,3 + 1 Free 80G,SAR,18.5
1153,Goody ,Napoletana Pasta Sauce,420G,SAR,7.5
1154,Betty Crocker ,Creme Caramel Mix,10 + 2 Free x 49G,SAR,21.0
1155,Cadbury ,Dairy Milk Bubbly Minis,204G,SAR,10.75
1156,Skittles ,Crazy Sours,174G,SAR,10.25
1157,Bugles ,Bugles Crispy Corn Snacks Nacho cheese,35G,SAR,2.25
1158,Bugles ,Crispy Corn Snacks  Sour Cream & Onion,125G,SAR,6.5
1159,Oreo ,Cookie Covered With Cadbury Chocolate,204G,SAR,8.75
1160,Galaxy ,Jewels Revolution,650G,SAR,42.5
1161,Almarai ,Long Life Full Fat Milk,12 x 1L,SAR,40.0
1162,Almarai ,Long Life Low Fat Milk,12 × 1L,SAR,40.0
1163,KDD ,Chocolate Milk,180 Ml,SAR,1.45
1164,Florida's Natural ,Premium Ruby Red Grapefruit Juice,1.8L,SAR,19.95
1165,Florida's Natural ,Natural Orange Pineapple Juice,1.8L,SAR,19.95
1166,Almarai ,Mixed Apple Juice,200 Ml,SAR,1.05
1167,Florida's Natural ,Pure Orange Mango Juice,1.8L,SAR,19.95
1168,KitKat ,Chunky Milk Chocolate Bar,40G,SAR,2.75
1169,Oreo ,Mini,67G,SAR,5.5
1170,Tamimi Markets ,BBQ spices,90G,SAR,4.95
1171,Tamimi Markets ,Bahrain Curry spice,90G,SAR,4.95
1172,Tamimi Markets ,Almond sliced,200G,SAR,17.95
1173,Tamimi Markets ,Beans black eye,500G,SAR,5.95
1174,Tamimi Markets ,Bay leaves,20G,SAR,1.95
1175,Tamimi Markets ,Biriyani spices,90G,SAR,4.95
1176,Tamimi Markets ,Beans broad egypt,1KG,SAR,10.95
1177,Tamimi Markets ,Red Beans,500G,SAR,7.95
1178,Tamimi Markets ,Black chia seeds,500G,SAR,15.95
1179,Tamimi Markets ,Bottled drinking water,200ML,SAR,0.3
1180,Tamimi Markets ,Bottled drinking water,600ML,SAR,0.6
1181,Tamimi Markets ,Black quinoa,500G,SAR,13.95
1182,Tamimi Markets ,Black pepper powder,100G,SAR,7.95
1183,Tamimi Markets ,Black pepper seed,260G,SAR,10.95
1184,Tamimi Markets ,Bottled drinking water,40 X 330ML,SAR,7.5
1185,Tamimi Markets ,Black lemon powder,80G,SAR,4.95
1186,Tamimi Markets ,Chicken spices,240G,SAR,9.95
1187,Tamimi Markets ,Cashew nuts,200G,SAR,15.95
1188,Tamimi Markets ,Broad bean crushed,500G,SAR,3.95
1189,Tamimi Markets ,Chick peas,1KG,SAR,8.95
1190,Tamimi Markets ,Cardamom powder,90G,SAR,21.95
1191,Tamimi Markets ,Chili powder,240G,SAR,7.95
1192,Tamimi Markets ,Cinnamon sticks,150G,SAR,7.95
1193,Tamimi Markets ,Couscous,500G,SAR,6.95
1194,Tamimi Markets ,Coriander powder,200G,SAR,4.95
1195,Tamimi Markets ,Coriander seed,150G,SAR,4.95
1196,Tamimi Markets ,Coconut flakes,500G,SAR,9.95
1197,Tamimi Markets ,Crushed white mongo,500G,SAR,6.95
1198,Tamimi Markets ,Crushed chick peas,1KG,SAR,7.95
1199,Tamimi Markets ,Cumin powder,100G,SAR,4.95
1200,Tamimi Markets ,Tamimi Markets crush burgul soft,1KG,SAR,6.95
1201,Tamimi Markets ,Tamimi Markets crush burgel rough,1KG,SAR,6.95
1202,Tamimi Markets ,Fish spices,90G,SAR,4.95
1203,Tamimi Markets ,Fennel seed,200G,SAR,4.95
1204,Tamimi Markets ,Cumin seed,200G,SAR,4.95
1205,Tamimi Markets ,Curry powder,90G,SAR,4.95
1206,Tamimi Markets ,Fareeka,500G,SAR,5.95
1207,Tamimi Markets ,Garlic powder,95G,SAR,4.95
1208,Tamimi Markets ,Flax seeds,500G,SAR,12.95
1209,Tamimi Markets ,Green mongo,500G,SAR,7.95
1210,Tamimi Markets ,Green cardamon,200G,SAR,27.95
1211,Tamimi Markets ,Harees,1KG,SAR,6.95
1212,Tamimi Markets ,Green lentils,1KG,SAR,9.95
1213,Tamimi Markets ,Meat spices,90G,SAR,4.95
1214,Tamimi Markets ,Lemon salt,410G,SAR,9.95
1215,Tamimi Markets ,Kabsa spices,90G,SAR,4.95
1216,Tamimi Markets ,Jordani zatar,500G,SAR,11.95
1217,Tamimi Markets ,Lemon salt,200G,SAR,5.95
1218,Tamimi Markets ,Lemon powder,240G,SAR,9.95
1219,Tamimi Markets ,Jereesh,1KG,SAR,6.95
